id,nombre,id_marca
1,124 Spider,20
2,500,20
3,500e,20
4,500e Cabrio,20
5,595,20
6,595C,20
7,600e,20
8,695,20
9,695C,20
10,Grande Punto,20
11,Punto,20
12,Ritmo,20
13,Stilo,20
14,U5,32
15,U6,32
16,City Emotion,35
17,Coupe Emotion,35
18,Crossline Emotion,35
19,Crossover,35
20,Crossover Emotion,35
21,Sensation,35
22,4C,40
23,4C Spider,40
24,8C Competizione,40
25,6,40
26,33,40
27,Alfa 75,40
28,90,40
29,145,40
30,146,40
31,147,40
32,155,40
33,156,40
34,159,40
35,164,40
36,166,40
37,Brera,40
38,GT,40
39,GTV,40
40,Alfa Spider,40
41,Alfetta GTV,40
42,Giulia,40
43,Giulietta,40
44,Junior,40
45,MiTo,40
46,Stelvio,40
47,Tonale,40
48,B3,42
49,BMW Alpina B4,42
50,B5,42
51,B6,42
52,B6 Gran Coupe,42
53,B7,42
54,BMW Alpina D3,42
55,D4,42
56,BMW Alpina D5,42
57,XD3,42
58,XD4,42
59,A110,43
60,A290,43
61,DB 5,57
62,DB 7,57
63,DB 9,57
64,DB 10,57
65,DBS,57
66,Rapide,57
67,V8,57
68,V8 Vantage,57
69,Vanquish,57
70,50,60
71,80,60
72,90,60
73,100,60
74,200,60
75,A1,60
76,A1 allstreet,60
77,A1 citycarver,60
78,A1 Sportback,60
79,A2,60
80,A3,60
81,A3 allstreet,60
82,A3 Limousine,60
83,A3 Sportback,60
84,A4,60
85,A4 Allroad,60
86,A5,60
87,A5 Sportback,60
88,A6,60
89,A6 Allroad,60
90,A6 e-tron,60
91,A6 Sportback e-tron,60
92,A7 Sportback,60
93,A8,60
94,Allroad Quattro,60
95,Cabriolet,60
96,Coupe,60
97,e-tron,60
98,e-tron GT,60
99,e-tron Sportback,60
100,Q2,60
101,Q3,60
102,Q3 Sportback,60
103,Q4,60
104,Q4 Sportback,60
105,Q5,60
106,Q5 Sportback,60
107,Q6,60
108,Q6 Sportback,60
109,Q7,60
110,Q8,60
111,Q8 Sportback,60
112,Quattro,60
113,R8,60
114,RS 2,60
115,RS 3,60
116,RS 3 Sportback,60
117,RS 4,60
118,RS 5,60
119,RS 5 Sportback,60
120,RS 6,60
121,RS 7 Sportback,60
122,RS Q3,60
123,RS Q3 Sportback,60
124,RS Q8,60
125,S1,60
126,S1 Sportback,60
127,S2,60
128,S3,60
129,S3 Sportback,60
130,S4,60
131,S5,60
132,S5 Sportback,60
133,S6,60
134,S6 e-tron,60
135,S6 Sportback e-tron,60
136,S7 Sportback,60
137,S8,60
138,SQ2,60
139,SQ5,60
140,SQ5 Sportback,60
141,SQ6,60
142,SQ7,60
143,SQ8,60
144,SQ8 Sportback,60
145,TT,60
146,TT RS,60
147,TTS,60
148,V8,60
149,B 1000-1,95
150,N,95
151,Bellier,104
152,Arnage,107
153,Azure,107
154,Continental Flying Spur,107
155,Continental GT,107
156,Continental GTC,107
157,Serie 1,130
158,Serie 2,130
159,Serie 3,130
160,Serie 4,130
161,Serie 5,130
162,Serie 6,130
163,Serie 7,130
164,Serie 8,130
165,i3,130
166,i4,130
167,i5,130
168,i7,130
169,i8,130
170,iX,130
171,iX1,130
172,iX2,130
173,iX3,130
174,X1,130
175,X2,130
176,X3,130
177,X4,130
178,X5,130
179,X6,130
180,X7,130
181,XM,130
182,Z1,130
183,Z3,130
184,Z4,130
185,Z8,130
186,BX7,125
187,BS4,145
188,BS6,145
189,Park Avenue,141
190,Atto 2,147
191,Atto 3,147
192,Dolphin,147
193,Dolphin Surf,147
194,ETP 3,147
195,Han,147
196,Seal,147
197,Seal 6 DM-i,147
198,Seal U,147
199,Sealion 7,147
200,Tang,147
201,ATS,150
202,BLS,150
203,CT6,150
204,CTS,150
205,CTS Wagon,150
206,Eldorado,150
207,Escalade,150
208,Lyriq,150
209,Optiq,150
210,Seville,150
211,SRX,150
212,STS,150
213,Vistiq,150
214,XLR,150
215,XT4,150
216,XT5,150
217,M20,158
218,Super Seven,157
219,Deepal S05,811
220,Deepal S07,811
221,CH 40,162
222,Alero,160
223,Astro Van,160
224,Aveo,160
225,Blazer,160
226,Camaro,160
227,Captiva,160
228,Corvette,160
229,Cruze,160
230,Epica,160
231,Evanda,160
232,HHR,160
233,Kalos,160
234,Lacetti,160
235,Malibu,160
236,Matiz,160
237,Nubira,160
238,Orlando,160
239,Rezzo,160
240,Spark,160
241,Tahoe,160
242,TrailBlazer,160
243,Trans Sport,160
244,Trax,160
245,Volt,160
246,300 C,170
247,300 M,170
248,Crossfire,170
249,Shelby Daytona,170
250,ES,170
251,Grand Voyager,170
252,GS,170
253,GTS,170
254,Le Baron,170
255,Neon,170
256,New Yorker,170
257,PT Cruiser,170
258,Saratoga,170
259,Sebring,170
260,Stratus,170
261,Viper,170
262,Vision,170
263,Vogager,170
264,2CV,190
265,Ami,190
266,AX,190
267,Berlingo,190
268,BX,190
269,C1,190
270,C2,190
271,C 3,190
272,C3 Aircross,190
273,C3 Picasso,190
274,C3 Pluriel,190
275,C4,190
276,C4 Aircross,190
277,C4 Cactus,190
278,C4 Grand Picasso,190
279,C4 Grand Spacetourer,190
280,C4 Picasso,190
281,C4 Spacetourer,190
282,C4 X,190
283,C5,190
284,C5 Aircross,190
285,C5 Cross Tourer,190
286,C5 X,190
287,C6,190
288,C8,190
289,C15,190
290,C25,190
291,C-Crosser,190
292,C-Elysée,190
293,C-Zero,190
294,CX,190
295,DS3,190
296,DS3 Cabrio,190
297,DS4,190
298,DS5,190
299,DS 20,190
300,DS 23,190
301,Dyane,190
302,E-Mehari,190
303,Evasion,190
304,GSA,190
305,Holidays,190
306,Jumper,190
307,Jumpy,190
308,LN,190
309,Nemo,190
310,Saxo,190
311,SM,190
312,Spacetourer,190
313,Visa II,190
314,Xantia,190
315,XM,190
316,Xsara,190
317,Xsara Picasso,190
318,ZX,190
319,C7,191
320,C8,191
321,Stingray,191
322,Ateca,189
323,Born,189
324,Formentor,189
325,León,189
326,Leon Sportstourer,189
327,Tavascan,189
328,Terramar,189
329,1210,194
330,1300,194
331,1301,194
332,1302,194
333,1304,194
334,1305,194
335,1307,194
336,1309,194
337,1320,194
338,1325,194
339,1410,194
340,Bigster,194
341,Dokker,194
342,Dokker Express,194
343,Duster,194
344,Jogger,194
345,Lodgy,194
346,Logan,194
347,Logan Express,194
348,Logan MCV,194
349,Logan Pick-up,194
350,Sandero,194
351,Solenza,194
352,Spring,194
353,SuperRNova,194
354,Cielo,195
355,Damas,195
356,Espero,195
357,Evanda,195
358,Kalos,195
359,Lacetti,195
360,Lanos,195
361,Leganza,195
362,Matiz,195
363,Nexia,195
364,Nubira,195
365,Rezzo,195
366,Tacuma,195
367,Applause,210
368,Charade,210
369,Copen,210
370,Cuore,210
371,Gran Move,210
372,Hijet,210
373,Materia,210
374,Move,210
375,Sirion,210
376,Sparcar S 75,210
377,Hi Jet S 76 4WD /Piaggio Porter,210
378,Terios,210
379,Trevis,210
380,YRV,210
381,E5,221
382,F5,221
383,Glory 500,221
384,Glory 580,221
385,Glory 600,221
386,Seres 3,221
387,Avenger,230
388,Caliber,230
389,Journey,230
390,Nitro,230
391,Ram 1500,230
392,1,220
393,3,220
394,3.0,220
395,4,220
396,4.0,220
397,5,220
398,5.0,220
399,6,220
400,6.0,220
401,7.0,220
402,CityCross,220
403,EVO,220
404,Evo 4,220
405,Evo 5,220
406,Evo 6,220
407,F35,220
408,PK8,220
409,Zero,220
410,DS3,235
411,DS3 Cabrio,235
412,DS3 Crossback,235
413,DS4,235
414,DS4 Crossback,235
415,DS5,235
416,DS7,235
417,DS7 Crossback,235
418,DS9,235
419,N°4,235
420,N°8,235
421,e.wave X,250
422,Life,250
423,S400,242
424,S700,242
425,S800,242
426,3,247
427,4,247
428,5,247
429,6,247
430,7,247
431,Cuatro,247
432,456 M,277
433,458 Italia,277
434,550 Maranello,277
435,575M Maranello,277
436,599,277
437,612,277
438,California,277
439,F 355 Spider,277
440,F 360,277
441,F 360 Spider,277
442,F 430,277
443,F 430 Spider,277
444,FF,277
445,124 Spider,280
446,124 Sport Spider,280
447,127,280
448,500,280
449,500C,280
450,500e,280
451,500e Cabrio,280
452,500L,280
453,500L Pro,280
454,500X,280
455,600,280
456,600e,280
457,850T/900T/900E,280
458,Albea,280
459,Argenta,280
460,Barchetta,280
461,Brava,280
462,Bravo,280
463,Cinquecento,280
464,Coupe,280
465,Croma,280
466,Doblò,280
467,Ducato,280
468,E-Ducato,280
469,Fiorino,280
470,Freemont,280
471,Fullback,280
472,Grande Panda,280
473,Grande Punto,280
474,Idea,280
475,Línea,280
476,Marea,280
477,Multipla,280
478,Palio,280
479,Panda,280
480,Pandina,280
481,Punto,280
482,Punto Evo,280
483,Qubo,280
484,Regata,280
485,Ritmo,280
486,Scudo,280
487,Sedici,280
488,Seicento,280
489,Stilo,280
490,Strada,280
491,Talento,280
492,Tempra,280
493,Tipo,280
494,Topolino,280
495,Ulysse,280
496,Uno,280
497,X 1/9,280
498,Ocean,282
499,B-Max,285
500,Bronco,285
501,C-Max,285
502,Capri,285
503,Cougar,285
504,Econoline,285
505,Ecosport,285
506,Edge,285
507,Escort,285
508,Explorer,285
509,Fiesta,285
510,Focus,285
511,Fusión,285
512,Galaxy,285
513,Granada,285
514,Grand C-Max,285
515,Grand Tourneo Connect,285
516,Ka,285
517,Ka+,285
518,Kuga,285
519,Maverick,285
520,Mondeo,285
521,Mustang,285
522,Mustang Mach-E,285
523,Orion,285
524,Probe,285
525,Puma,285
526,Puma Gen-E,285
527,Ranger,285
528,Ranger Raptor,285
529,S-Max,285
530,Scorpio,285
531,Sierra,285
532,StreetKa,285
533,Taunus,285
534,Tourneo,285
535,Tourneo Connect,285
536,Tourneo Courier,285
537,Tourneo Custom,285
538,Transit,285
539,Transit Connect,285
540,Transit Courier,285
541,Transit Custom,285
542,Windstar,285
543,Friday,289
544,U-Tour,289
545,Tunland G7,828
546,G70,296
547,G80,296
548,G90,296
549,GV60,296
550,GV70,296
551,GV80,296
552,Haval H6,311
553,Hover H5,311
554,Hover H6,311
555,Ora 03,311
556,Ora 07,311
557,Voleex C20R,311
558,Wey 03,311
559,Wey 05,311
560,H2,313
561,Accord,340
562,Civic,340
563,Concerto,340
564,CR-V,340
565,CR-Z,340
566,CRX,340
567,e,340
568,e:Ny1,340
569,Evolution,340
570,FR-V,340
571,HR-V,340
572,Insight,340
573,Integra,340
574,Jazz,340
575,Legend,340
576,Logo,340
577,NSX,340
578,Pilot,340
579,Prelude,340
580,S 2000,340
581,Shuttle,340
582,Stream,340
583,ZR-V,340
584,H1,315
585,H2,315
586,H3,315
587,Accent,345
588,Atos,345
589,Bayon,345
590,Coupe,345
591,Elantra,345
592,Génesis,345
593,Getz,345
594,Grand Santa Fe,345
595,Grandeur,345
596,H1,345
597,H100,345
598,H350,345
599,H350 BUS,345
600,H350 Pritsche,345
601,i10,345
602,i20,345
603,i20 Active,345
604,i30,345
605,i30 Fastback,345
606,i40,345
607,Inster,345
608,IONIQ,345
609,IONIQ 5,345
610,IONIQ 6,345
611,IONIQ 9,345
612,ix20,345
613,ix35,345
614,ix55,345
615,Kona,345
616,Lantra,345
617,Matrix,345
618,Nexo,345
619,Pony,345
620,Scoupe,345
621,Santa Fe,345
622,Sonata,345
623,Staria,345
624,Terracan,345
625,Trajet,345
626,Tucson,345
627,Veloster,345
628,XG,345
629,K2,354
630,K3,354
631,Grenadier,361
632,EX,357
633,FX,357
634,G37,357
635,M-Serie,357
636,Q30,357
637,Q50Q50,357
638,Q60,357
639,Q70,357
640,QX30,357
641,QX50,357
642,QX70,357
643,Campo,362
644,D MAX,362
645,Gemini,362
646,Trooper,362
647,Van Midi,362
648,Daily,365
649,Massif,365
650,5,375
651,7,375
652,Daimler,380
653,E-Pace,380
654,F-Pace,380
655,F-Type,380
656,I-Pace,380
657,S-TYPE,380
658,X-TYPE,380
659,XE,380
660,XF,380
661,XJ,380
662,XJ6,380
663,XJ12,380
664,XJ Serie II,380
665,XJ Serie III,380
666,XJS,380
667,XK,380
668,XK8,380
669,XKR,380
670,Avenger,390
671,Cherokee,390
672,Cherokee Chief,390
673,CJ 7,390
674,Commander,390
675,Compass,390
676,Gladiator,390
677,Grand Cherokee,390
678,Patriot,390
679,Renegade,390
680,Wagoneer,390
681,Wrangler,390
682,Wrangler Unlimited,390
683,Actyon,423
684,Korando,423
685,Musso,423
686,Musso Grand,423
687,Rexton,423
688,Tivoli,423
689,Torres,423
690,Torres EVX,423
691,Besta,425
692,Carens,425
693,Carnival,425
694,cee'd,425
695,Cerato,425
696,Clarus,425
697,EV3,425
698,EV4,425
699,EV4 Fastback,425
700,EV5,425
701,EV6,425
702,EV9,425
703,Joice,425
704,K4,425
705,K-Reihe 2500,425
706,K-Reihe 2700,425
707,Magentis,425
708,Niro,425
709,Opirus,425
710,Optima,425
711,Picanto,425
712,Pregio,425
713,Pride,425
714,pro_cee'd,425
715,PV5 Cargo,425
716,PV5 Passenger,425
717,Retona,425
718,Rio,425
719,Roadster,425
720,Rocsta,425
721,Sephia,425
722,Shuma,425
723,Sorento,425
724,Soul,425
725,Sportage,425
726,Stinger,425
727,Stonic,425
728,Venga,425
729,XCeed,425
730,Forma,460
731,Granta,460
732,Kalina 2,460
733,Niva,460
734,Samara,460
735,Taiga,460
736,Vesta,460
737,Gallardo,465
738,Gallardo Spyder,465
739,Murciélago,465
740,Murciélago Roadster,465
741,Beta Spider,470
742,Dedra,470
743,Delta,470
744,Flavia,470
745,Gamma,470
746,Kappa,470
747,Lancia A 112,470
748,Lancia Y,470
749,Lybra,470
750,Musa,470
751,Phedra,470
752,Prisma,470
753,Thema,470
754,Thesis,470
755,Trevi,470
756,Vogager,470
757,Y 10,470
758,Ypsilon,470
759,Zeta,470
760,Defender,730
761,Discovery,730
762,Discovery 4,730
763,Discovery 5,730
764,Discovery Sport,730
765,Evoque,730
766,Evoque Cabriolet,730
767,Freelander,730
768,Range Rover,730
769,Range Rover Sport,730
770,Range Rover Velar,730
771,B10,915
772,C10,915
773,T03,915
774,TX,480
775,VN5,480
776,CT-Serie,487
777,ES-Serie,487
778,GS-Serie,487
779,IS-Serie,487
780,LBX-Serie,487
781,LC-Serie,487
782,LM-Serie,487
783,LS-Serie,487
784,NX-Serie,487
785,RC-Serie,487
786,RX-Serie,487
787,RZ-Serie,487
788,SC-Serie,487
789,UX-Serie,487
790,JS50,494
791,JS60,494
792,Microcar,494
793,Eletre,502
794,Elise,502
795,Emeya,502
796,Emira,502
797,Esprit,502
798,Europa,502
799,Evora,502
800,Exige,502
801,Air,503
802,Gravity,503
803,01,504
804,02,504
805,08,504
806,Goa,505
807,KUV 100,505
808,Quanto,505
809,XUV 500,505
810,e-TGE,520
811,G,520
812,G 90,520
813,TGE,520
814,4200 Coupe,522
815,4200 Spyder,522
816,Coupe,522
817,Ghibli,522
818,Grancabrio,522
819,Gran Turismo,522
820,Grecale,522
821,Levante,522
822,MC20,522
823,MCPura Cielo,522
824,MCPura Coupe,522
825,Quattroporte,522
826,Spyder,522
827,Deliver 3,867
828,Deliver 5,867
829,Deliver 7,867
830,Deliver 9,867
831,Euniq 5,867
832,Euniq 6,867
833,EV80,867
834,Mifa 9,867
835,T60 Max,867
836,T90,867
837,Terron 9,867
838,2,550
839,3,550
840,5,550
841,6,550
842,121,550
843,323,550
844,626,550
845,929,550
846,929L,550
847,Mazda Serie B,550
848,BT-50,550
849,CX-3,550
850,CX-5,550
851,CX-7,550
852,CX-9,550
853,CX-30,550
854,CX-60,550
855,CX-80,550
856,Demio,550
857,E 2000,550
858,E 2200,550
859,MPV,550
860,MX-3,550
861,MX-5,550
862,MX-6,550
863,MX-30,550
864,Premacy,550
865,RX-7,550
866,RX-8,550
867,Tribute,550
868,Xedos 6,550
869,Xedos 9,550
870,W123,570
871,190/190 E,570
872,Clase A,570
873,Clase A Limousine,570
874,AMG GT,570
875,AMG GT 4-door,570
876,Clase B,570
877,Clase C ,570
878,Clase C All-Terrain,570
879,Citan,570
880,CL Coupé,570
881,Clase CLA,570
882,Clase CLC,570
883,Clase CLE,570
884,Clase CLK,570
885,Clase CLS,570
886,Clase E,570
887,Clase E All-Terrain,570
888,EQA,570
889,EQB,570
890,EQC,570
891,EQE,570
892,EQS,570
893,EQT,570
894,EQV,570
895,eVito,570
896,Clase G,570
897,Clase GL,570
898,Clase GLA,570
899,Clase GLB,570
900,Clase GLC,570
901,Clase GLE,570
902,Clase GLK,570
903,Clase GLS,570
904,Clase M,570
905,MB 100,570
906,Clase R,570
907,Clase S,570
908,Clase SL,570
909,Classe SLC,570
910,Clase SLK,570
911,SLR McLaren,570
912,SLS AMG,570
913,Sprinter,570
914,Strich Acht W114/W115,570
915,T1 Transporter,570
916,Clase T,570
917,Clase V,570
918,Clase V Marco Polo,570
919,Vaneo,570
920,Viano,570
921,Vito,570
922,Vito Tourer,570
923,Clase X,570
924,3,868
925,4,868
926,5,868
927,Cyberster,868
928,EHS,868
929,HS,868
930,Marvel R,868
931,S5 EV,868
932,ZS,868
933,25,70
934,45,70
935,75,70
936,100,70
937,200,70
938,400,70
939,600,70
940,800,70
941,MG TF,70
942,MG ZR,70
943,MG ZS,70
944,MG ZT,70
945,MG ZT-T,70
946,MGF,70
947,MINI,70
948,Streetwise,70
949,Microlino,575
950,Spiaggina,575
951,Minauto,585
952,Aceman,580
953,Cabrio,580
954,Clubman,580
955,Clubvan,580
956,Countryman,580
957,Coupe,580
958,MINI,580
959,Paceman,580
960,Roadster,580
961,3000 GT,590
962,ASX,590
963,Attrage,590
964,Carisma,590
965,Celeste,590
966,Colt,590
967,Cordia,590
968,Eclipse,590
969,Eclipse Cross,590
970,Galant,590
971,Galloper,590
972,Grandis,590
973,i-MiEV,590
974,L 200,590
975,L 300,590
976,L 400,590
977,Lancer,590
978,Outlander,590
979,Montero,590
980,Santamo,590
981,Sapporo,590
982,Sigma,590
983,Space,590
984,Space Star,590
985,Starion Turbo,590
986,Tredia,590
987,EL6,894
988,EL7,894
989,EL8,894
990,ET5,894
991,100 NX,225
992,200SX,225
993,280ZX /280ZXT,225
994,300 ZX,225
995,350Z,225
996,370Z,225
997,Almera,225
998,Almera Tino,225
999,Ariya,225
1000,Bluebird,225
1001,Cherry,225
1002,Cube,225
1003,GT-R,225
1004,Interstar,225
1005,Juke,225
1006,Kubistar,225
1007,Laurel,225
1008,Leaf,225
1009,Maxima,225
1010,Micra,225
1011,Murano,225
1012,Navara NP-300,225
1013,Navara Pick-up,225
1014,Note,225
1015,NP300 Pick-up,225
1016,NV200,225
1017,NV200 Evalia,225
1018,NV250,225
1019,NV300,225
1020,NV400,225
1021,Pathfinder,225
1022,Patrol,225
1023,Pick-up,225
1024,Pixo,225
1025,Prairie,225
1026,Primastar,225
1027,Primera,225
1028,Pulsar,225
1029,Qashqai,225
1030,Qashqai+2,225
1031,Serena,225
1032,Silvia,225
1033,Skyline Inj.,225
1034,Stanza,225
1035,Sunny,225
1036,Sunny Van,225
1037,Teana,225
1038,Terrano,225
1039,Tilda,225
1040,Townstar,225
1041,Trade,225
1042,Trade 100,225
1043,Urvan,225
1044,Vanette,225
1045,Vanette Cargo,225
1046,X-Trail,225
1047,C5,645
1048,Adam,650
1049,Agila,650
1050,Ampera,650
1051,Ampera-e,650
1052,Antara,650
1053,Arena,650
1054,Ascona,650
1055,Astra,650
1056,Astra GTC,650
1057,Astra K,650
1058,Calibra,650
1059,Campo,650
1060,Cabrio,650
1061,Chevette,650
1062,Combo,650
1063,Combo Life,650
1064,Commodore,650
1065,Corsa,650
1066,Crossland X,650
1067,Frontera,650
1068,Grandland,650
1069,Grandland X,650
1070,GT,650
1071,Insignia,650
1072,Insignia Country Tourer,650
1073,Insignia Grand Sport,650
1074,Insignia Sports Tourer,650
1075,Kadett,650
1076,Karl,650
1077,Manta,650
1078,Meriva,650
1079,Mokka,650
1080,Mokka X,650
1081,Monterey,650
1082,Monza,650
1083,Movano,650
1084,Omega,650
1085,Rekord,650
1086,Rocks-e,650
1087,Senator,650
1088,Signum,650
1089,Sintra,650
1090,Speedster,650
1091,Tigra,650
1092,Vectra,650
1093,Vivaro,650
1094,Zafira,650
1095,Zafira Life,650
1096,Zafira Tourer,650
1097,Funky Cat,660
1098,104,670
1099,106,670
1100,107,670
1101,108,670
1102,205,670
1103,206,670
1104,206+,670
1105,207,670
1106,208,670
1107,301,670
1108,305,670
1109,306,670
1110,307,670
1111,308,670
1112,309,670
1113,405,670
1114,406,670
1115,407,670
1116,408,670
1117,504,670
1118,505,670
1119,508,670
1120,604,670
1121,605,670
1122,607,670
1123,806,670
1124,807,670
1125,1007,670
1126,2008,670
1127,3008,670
1128,4007,670
1129,4008,670
1130,5008,670
1131,Bipper,670
1132,Boxer,670
1133,Expert,670
1134,iOn,670
1135,J5,670
1136,Partner,670
1137,RCZ,670
1138,Rifter,670
1139,Talbot City-Laster,670
1140,Traveller,670
1141,Porter,895
1142,2,695
1143,3,695
1144,4,695
1145,5,695
1146,Trans Sport,700
1147,718 Boxster,710
1148,718 Cayman,710
1149,911,710
1150,918 Spyder,710
1151,924,710
1152,928,710
1153,944,710
1154,968,710
1155,Boxster,710
1156,Cayenne,710
1157,Cayman,710
1158,Macan,710
1159,Panamera,710
1160,Panamera Sport Turismo,710
1161,Taycan,710
1162,Taycan Cross Turismo,710
1163,Taycan Sport Turismo,710
1164,4,720
1165,4 E-Tech,720
1166,5,720
1167,5 E-Tech,720
1168,21,720
1169,25,720
1170,Alaskan,720
1171,Arkana,720
1172,Austral,720
1173,Avantime,720
1174,Captur,720
1175,Clio,720
1176,Espace,720
1177,Express,720
1178,Fluence,720
1179,Fuego,720
1180,Grand Espace,720
1181,Grand Modus,720
1182,Grand Scenic,720
1183,Kadjar,720
1184,Kangoo,720
1185,Koleos,720
1186,Laguna,720
1187,Latitude,720
1188,Master,720
1189,Master E-Tech,720
1190,MAX,720
1191,Megane,720
1192,Megane E-Tech,720
1193,Modus,720
1194,R 9,720
1195,R 18 ,720
1196,R 19,720
1197,R 30,720
1198,Rafale,720
1199,Rapid,720
1200,Renault Sport Spider,720
1201,Safrane,720
1202,Scenic,720
1203,Symbioz,720
1204,Talisman,720
1205,Trafic,720
1206,Twingo,720
1207,Twizy,720
1208,Vel Satis,720
1209,Wind,720
1210,Zoe,720
1211,Corniche,727
1212,Phantom,727
1213,"Silver Seraph
",727
1214,25,71
1215,MGF,71
1216,9-3,740
1217,9-3X,740
1218,9-5,740
1219,9-7X,740
1220,90,740
1221,99,740
1222,900,740
1223,9000,740
1224,Alhambra,790
1225,Altea,790
1226,Altea XL,790
1227,Arona,790
1228,Arosa,790
1229,Ateca,790
1230,Córdoba,790
1231,Exeo,790
1232,Fura,790
1233,Ibiza,790
1234,Inca,790
1235,León,790
1236,Málaga,790
1237,Marbella,790
1238,Mii,790
1239,Ronda,790
1240,Tarraco,790
1241,Terra,790
1242,Toldeo,790
1243,Toledo,790
1244,S3,780
1245,S04,794
1246,105,800
1247,120,800
1248,130,800
1249,Citigo,800
1250,Elroq,800
1251,Enyaq,800
1252,Fabia,800
1253,Favorit,800
1254,Felicia,800
1255,Forman,800
1256,Kamiq,800
1257,Karoq,800
1258,Kodiaq,800
1259,Octavia,800
1260,Pick-up,800
1261,Rapid,800
1262,Rapid Spaceback,800
1263,Roomster,800
1264,Scala,800
1265,Superb,800
1266,Yeti,800
1267,#1,560
1268,#3,560
1269,#5,560
1270,Cabriolet,560
1271,Crossblade,560
1272,ForFour,560
1273,ForTwo,560
1274,Roadster,560
1275,5,846
1276,6,846
1277,6 GT,846
1278,7,846
1279,7 GTW,846
1280,8,846
1281,8 GT,846
1282,Actyon,810
1283,Korando,810
1284,Kyron,810
1285,Musso,810
1286,Musso Grand,810
1287,Rexton,810
1288,Rexton Sports,810
1289,Rodius,810
1290,Tivoli,810
1291,Tivoli Grand,810
1292,Torres,810
1293,XLV,810
1294,Work Box,826
1295,Work Pickup,826
1296,1800,820
1297,BRZ,820
1298,Crosstrek,820
1299,Forester,820
1300,Impreza,820
1301,Justy,820
1302,Legacy,820
1303,Levorg,820
1304,Libero,820
1305,Outback,820
1306,Solterra,820
1307,SVX,820
1308,Trezia,820
1309,Tribeca,820
1310,Vivio,820
1311,XT,820
1312,XV,820
1313,Across,830
1314,Alto,830
1315,Baleno,830
1316,Carry GA413,830
1317,Carry ST90,830
1318,Celerio,830
1319,Grand Vitara,830
1320,Ignis,830
1321,Jimny,830
1322,Kizashi,830
1323,Liana,830
1324,S-Cross,830
1325,SJ,830
1326,Splash,830
1327,Super Carry SK,830
1328,Swace,830
1329,Swift,830
1330,SX4,830
1331,SX4 S-Cross,830
1332,Vitara,830
1333,Wagon,830
1334,X-90,830
1335,G01,908
1336,G01F,908
1337,G03,908
1338,G03 F,908
1339,G05,908
1340,Aria,850
1341,Indica,850
1342,Indigo,850
1343,Safari,850
1344,Vista,850
1345,Xenon,850
1346,Model 3,853
1347,Model S,853
1348,Model X,853
1349,Model Y,853
1350,Eight,854
1351,Six,854
1352,T10F,889
1353,T10X,889
1354,4-Runner,860
1355,Auris,860
1356,Auris Touring Sports,860
1357,Avensis,860
1358,Avensis Verso,860
1359,Aygo,860
1360,Aygo X,860
1361,bZ4X,860
1362,C-HR,860
1363,Camry,860
1364,Carina,860
1365,Celica,860
1366,Corolla,860
1367,Corolla Cross,860
1368,Corolla Verso,860
1369,Dyna,860
1370,GR86,860
1371,GR Supra,860
1372,GT 86,860
1373,Hiace,860
1374,Highlander,860
1375,Hilux,860
1376,iQ,860
1377,Land Cruiser,860
1378,LiteAce,860
1379,Mirai,860
1380,Modell F,860
1381,MR 2,860
1382,Paseo,860
1383,Picnic,860
1384,Previa,860
1385,Prius,860
1386,Prius+,860
1387,ProAce,860
1388,ProAce City,860
1389,ProAce City Verso,860
1390,ProAce Max,860
1391,ProAce Verso,860
1392,RAV 4,860
1393,Supra,860
1394,Urban Cruiser,860
1395,Verso,860
1396,Verso-S,860
1397,Yaris,860
1398,Yaris Cross,860
1399,Yaris VersoB,860
1400,VF6,902
1401,VF8,902
1402,Amarok,905
1403,Arteon,905
1404,Arteon Shooting Brake,905
1405,Beetle,905
1406,Bora,905
1407,Caddy,905
1408,Caddy California,905
1409,CC,905
1410,Corrado,905
1411,Crafter,905
1412,Crafter Grand California,905
1413,Derby,905
1414,e-Golf VII,905
1415,Eos,905
1416,Fox,905
1417,Golf I,905
1418,Golf II,905
1419,Golf III,905
1420,Golf IV,905
1421,Golf V,905
1422,Golf V Plus,905
1423,Golf VI,905
1424,Golf VI Plus,905
1425,Golf VII,905
1426,Golf VII Sportsvan,905
1427,Golf VIII,905
1428,ID.3,905
1429,ID.4,905
1430,ID.5,905
1431,ID.7,905
1432,ID.7 Tourer,905
1433,ID.Buzz,905
1434,Jetta,905
1435,Käfer 1200,905
1436,Käfer 1303,905
1437,LT,905
1438,Lupo,905
1439,New Beetle,905
1440,Passat,905
1441,Passat Alltrack,905
1442,Passat CC,905
1443,Phaeton,905
1444,Polo,905
1445,Santana,905
1446,Scirocco,905
1447,Sharan,905
1448,T3,905
1449,T4 California,905
1450,T4 Caravelle,905
1451,T4 Kombi,905
1452,T4 Multivan,905
1453,T4 Transporter,905
1454,T5 California,905
1455,T5 Caravelle,905
1456,T5 Kombi,905
1457,T5 Multivan,905
1458,T5 Shuttle,905
1459,T5 Transporter,905
1460,T6 California,905
1461,T6 Caravelle,905
1462,T6 Kombi,905
1463,T6 Multivan,905
1464,T6 Transporter,905
1465,T7 California,905
1466,T7 Caravelle,905
1467,T7 Kombi,905
1468,T7 Multivan,905
1469,T7 Transporter,905
1470,T-Cross,905
1471,T-Roc,905
1472,Taigo,905
1473,Taro,905
1474,Tayron,905
1475,Tiguan,905
1476,Tiguan Allspace,905
1477,Touareg,905
1478,Touran,905
1479,up!,905
1480,Vento,905
1481,C30,910
1482,C40,910
1483,C70,910
1484,EC40,910
1485,ES90,910
1486,EX30,910
1487,EX40,910
1488,EX90,910
1489,S40,910
1490,S60,910
1491,S60 Cross Country,910
1492,S70,910
1493,S80,910
1494,S90,910
1495,Serie 66,910
1496,Serie 240,910
1497,Serie 260,910
1498,Serie 340,910
1499,Serie 360,910
1500,Serie 440,910
1501,Serie 460,910
1502,Serie 480,910
1503,Serie 740,910
1504,Serie 760,910
1505,Serie 850,910
1506,Serie 940,910
1507,Serie 960,910
1508,V40,910
1509,V40 Cross Country,910
1510,V50,910
1511,V60,910
1512,V60 Cross Country,910
1513,V70,910
1514,V90,910
1515,V90 Cross Country,910
1516,XC40,910
1517,XC60,910
1518,XC70,910
1519,XC90,910
1520,Cabrio,935
1521,G6,899
1522,G9,899
1523,P7,899
1524,7X,929
1525,001,929
1526,X,929
